{
  "intra_class_similarity_mean": 0.791015625,
  "intra_class_similarity_std": 0.059234619140625,
  "inter_class_similarity_mean": 0.73974609375,
  "inter_class_similarity_std": 0.0714111328125,
  "feature_separability": 0.05126953125
}