{
  "intra_class_similarity_mean": 0.82568359375,
  "intra_class_similarity_std": 0.0435791015625,
  "inter_class_similarity_mean": 0.771484375,
  "inter_class_similarity_std": 0.05743408203125,
  "feature_separability": 0.05419921875
}