{
  "intra_class_similarity_mean": 0.78857421875,
  "intra_class_similarity_std": 0.0672607421875,
  "inter_class_similarity_mean": 0.7001953125,
  "inter_class_similarity_std": 0.08636474609375,
  "feature_separability": 0.08837890625
}