{
  "intra_class_similarity_mean": 0.79150390625,
  "intra_class_similarity_std": 0.06585693359375,
  "inter_class_similarity_mean": 0.74365234375,
  "inter_class_similarity_std": 0.06927490234375,
  "feature_separability": 0.0478515625
}