Zone,Accuracy,AUC,AP,Count,Positive Samples
Total,0.9159953970080552,0.8477533172496984,0.20529339761352838,869.0,40.0
Transitional plain zone of Inland drainage,0.9499036608863198,0.8743987975951903,0.2547471584828989,519.0,20.0
Semi arid eastern plain,0.9459459459459459,0.6892361111111112,0.20276729559748427,148.0,4.0
Transitional plain zone of Luni Basin,0.7526881720430108,0.7975903614457831,0.2837047799342881,93.0,10.0
Flood prone eastern plain,0.9210526315789473,0.8378378378378378,0.14285714285714285,38.0,1.0
Southern humid plain,1.0,0.0,0.0,34.0,0.0
Arid Western Plain and Hyper Arid Partial irrigated,0.6086956521739131,0.6710526315789473,0.2708333333333333,23.0,4.0
South eastern humid plain,0.6666666666666666,0.375,0.16666666666666666,9.0,1.0
Sub humid southern plain and alluvial hill,0.8,0.0,0.0,5.0,0.0
