{
  "intra_class_similarity_mean": 0.80810546875,
  "intra_class_similarity_std": 0.0570068359375,
  "inter_class_similarity_mean": 0.72021484375,
  "inter_class_similarity_std": 0.084716796875,
  "feature_separability": 0.087890625
}