{
  "intra_class_similarity_mean": 0.802734375,
  "intra_class_similarity_std": 0.050994873046875,
  "inter_class_similarity_mean": 0.75634765625,
  "inter_class_similarity_std": 0.06951904296875,
  "feature_separability": 0.04638671875
}