Zone,Accuracy,AUC,AP,Count,Positive Samples
Total,0.569620253164557,0.6079603384991843,0.3851317396299019,869.0,256.0
Transitional plain zone of Inland drainage,0.6242774566473989,0.5330723738426486,0.20000348817741584,519.0,98.0
Semi arid eastern plain,0.4189189189189189,0.5390625,0.441684681061484,148.0,52.0
Transitional plain zone of Luni Basin,0.5806451612903226,0.48054187192118225,0.5938548582444586,93.0,58.0
Flood prone eastern plain,0.6052631578947368,0.5596590909090908,0.46469037203096714,38.0,16.0
Southern humid plain,0.5882352941176471,0.671280276816609,0.6698344550605233,34.0,17.0
Arid Western Plain and Hyper Arid Partial irrigated,0.21739130434782608,0.2936507936507936,0.3590051598823528,23.0,9.0
South eastern humid plain,0.4444444444444444,0.5555555555555556,0.5916666666666666,9.0,3.0
Sub humid southern plain and alluvial hill,0.6,0.5,0.6388888888888888,5.0,3.0
