{
  "intra_class_similarity_mean": 0.78564453125,
  "intra_class_similarity_std": 0.0711669921875,
  "inter_class_similarity_mean": 0.74658203125,
  "inter_class_similarity_std": 0.069580078125,
  "feature_separability": 0.0390625
}