{
  "intra_class_similarity_mean": 0.7763671875,
  "intra_class_similarity_std": 0.0738525390625,
  "inter_class_similarity_mean": 0.736328125,
  "inter_class_similarity_std": 0.06646728515625,
  "feature_separability": 0.0400390625
}