sample_index,skysat_filename,true_label,predicted_label,correct,confidence,true_class_probability,predicted_class_probability
161,tree_Jhunjhunu_Jhunjhunu_25_38_low_density_near_southwest_0_20250526_085705_957313_skysat.jpg,195,176,False,0.2675285041332245,0.001838464755564928,0.2675285041332245
533,tree_Kota_Kota_6_795_low_density_near_south_0_20250712_092413_522268_skysat.jpg,195,23,False,0.3230542540550232,0.005238913930952549,0.3230542540550232
648,tree_Pali_Pali_11_227_low_density_far_northwest_0_20250712_152448_445072_skysat.jpg,195,23,False,0.4656769037246704,0.012958302162587643,0.4656769037246704
665,tree_Jalore_Jalore_12_115_low_density_near_northeast_0_20250712_163026_053373_skysat.jpg,195,23,False,0.31214168667793274,0.003929947502911091,0.31214168667793274
707,tree_Kota_Kota_15_208_low_density_far_center_0_20250712_194842_467955_skysat.jpg,195,23,False,0.3601372539997101,0.005899154581129551,0.3601372539997101
748,tree_Bhilwara_Bhilwara_19_119_low_density_near_center_0_20250712_231437_826019_skysat.jpg,195,23,False,0.35453441739082336,0.006161378230899572,0.35453441739082336
805,tree_Bhilwara_Bhilwara_25_218_low_density_near_northeast_0_20250713_033110_015729_skysat.jpg,195,23,False,0.2844981253147125,0.004049341194331646,0.2844981253147125
824,tree_Pali_Pali_27_147_low_density_near_south_0_20250713_043157_974083_skysat.jpg,195,23,False,0.3171645998954773,0.004443681798875332,0.3171645998954773
1115,tree_Sikar_Sikar_16_149_low_density_near_south_1_20250528_102611_197042_skysat.jpg,195,23,False,0.32346129417419434,0.004232052247971296,0.32346129417419434
