sample_index,skysat_filename,true_label,predicted_label,correct,confidence,true_class_probability,predicted_class_probability
411,tree_Chittorgarh_Chittorgarh_2_724_low_density_far_northeast_0_20250712_025948_330265_skysat.jpg,137,176,False,0.2959369122982025,0.004323371220380068,0.2959369122982025
441,tree_Pratapgarh_Pratapgarh_3_557_low_density_near_north_0_20250712_041708_277269_skysat.jpg,137,23,False,0.3212990164756775,0.004568574484437704,0.3212990164756775
509,tree_Udaipur_Udaipur_6_28_low_density_far_north_0_20250712_081402_024286_skysat.jpg,137,23,False,0.28210845589637756,0.004038652870804071,0.28210845589637756
564,tree_Kota_Kota_7_816_low_density_near_northwest_0_20250712_105346_109442_skysat.jpg,137,23,False,0.28555652499198914,0.005859758704900742,0.28555652499198914
644,tree_Pali_Pali_11_68_low_density_far_east_0_20250712_151057_899657_skysat.jpg,137,23,False,0.48806723952293396,0.011953640729188919,0.48806723952293396
724,tree_Tonk_Tonk_16_465_low_density_near_west_0_20250712_210911_725280_skysat.jpg,137,23,False,0.3582007884979248,0.00752264866605401,0.3582007884979248
823,tree_Bundi_Bundi_27_141_low_density_near_west_0_20250713_043121_627716_skysat.jpg,137,176,False,0.32998770475387573,0.006152044981718063,0.32998770475387573
860,tree_Pali_Pali_32_301_low_density_far_southwest_0_20250713_072418_378824_skysat.jpg,137,23,False,0.42561715841293335,0.00770878279581666,0.42561715841293335
972,tree_Udaipur_Udaipur_73_13_low_density_far_west_0_20250713_163119_914833_skysat.jpg,137,23,False,0.4250015616416931,0.007780579384416342,0.4250015616416931
