sample_index,skysat_filename,true_label,predicted_label,correct,confidence,true_class_probability,predicted_class_probability
73,tree_Jaipur_Jaipur_9_55_low_density_far_northwest_0_20250526_070701_872808_skysat.jpg,0,23,False,0.4311480224132538,0.005342146847397089,0.4311480224132538
124,tree_Jaipur_Jaipur_16_108_low_density_far_east_1_20250526_080301_699475_skysat.jpg,0,23,False,0.3189322352409363,0.0029279454611241817,0.3189322352409363
178,tree_Jaipur_Jaipur_29_137_low_density_near_center_0_20250526_091902_550646_skysat.jpg,0,23,False,0.41826918721199036,0.004282269161194563,0.41826918721199036
583,tree_Deeg_Deeg_8_435_low_density_near_east_0_20250712_114450_195610_skysat.jpg,0,176,False,0.2976173758506775,0.0026405358221381903,0.2976173758506775
1403,tree_Sikar_Sikar_126_6_low_density_near_center_0_20250528_210921_724380_skysat.jpg,0,176,False,0.4273214340209961,0.002335155848413706,0.4273214340209961
