sample_index,skysat_filename,true_label,predicted_label,correct,confidence,true_class_probability,predicted_class_probability
74,tree_Jaipur_Jaipur_9_83_low_density_near_south_0_20250526_070725_649445_skysat.jpg,129,23,False,0.33646854758262634,0.006218165624886751,0.33646854758262634
76,tree_Jaipur_Jaipur_9_317_low_density_near_west_0_20250526_071222_957918_skysat.jpg,129,23,False,0.440714031457901,0.011098251678049564,0.440714031457901
150,tree_Jaipur_Jaipur_22_130_low_density_near_east_0_20250526_084158_238956_skysat.jpg,129,176,False,0.3004715144634247,0.00321590737439692,0.3004715144634247
283,tree_Jaipur_Jaipur_94_46_low_density_near_southwest_0_20250526_122807_484684_skysat.jpg,129,23,False,0.3740903437137604,0.0073014539666473866,0.3740903437137604
284,tree_Jaipur_Jaipur_94_46_low_density_near_northwest_0_20250526_122807_609133_skysat.jpg,129,23,False,0.3512785732746124,0.00630222586914897,0.3512785732746124
733,tree_Jaipur_Jaipur_17_505_low_density_near_south_0_20250712_220939_063824_skysat.jpg,129,23,False,0.4446121156215668,0.001961787696927786,0.4446121156215668
1057,tree_Sikar_Sikar_9_169_low_density_near_north_0_20250528_085610_902674_skysat.jpg,129,23,False,0.34978172183036804,0.007054506801068783,0.34978172183036804
1266,tree_Sikar_Sikar_49_5_low_density_near_northeast_0_20250528_153423_271289_skysat.jpg,129,23,False,0.3092191517353058,0.004298945423215628,0.3092191517353058
1308,tree_Sikar_Sikar_62_28_low_density_near_center_0_20250528_170610_190983_skysat.jpg,129,23,False,0.3450816571712494,0.006828089244663715,0.3450816571712494
