sample_index,skysat_filename,true_label,predicted_label,correct,confidence,true_class_probability,predicted_class_probability
687,tree_Pali_Pali_13_231_low_density_near_west_0_20250712_174450_520130_skysat.jpg,181,23,False,0.4422984719276428,0.0017539907712489367,0.4422984719276428
842,tree_Pali_Pali_30_34_low_density_near_south_0_20250713_055911_458230_skysat.jpg,181,23,False,0.4814269244670868,0.0019479695474728942,0.4814269244670868
