sample_index,skysat_filename,true_label,predicted_label,correct,confidence,true_class_probability,predicted_class_probability
226,tree_Pali_Pali_44_131_low_density_near_east_0_20250526_102401_038507_skysat.jpg,175,23,False,0.443835973739624,0.004867420997470617,0.443835973739624
500,tree_Bharatpur_Bharatpur_5_721_low_density_near_north_0_20250712_073959_967332_skysat.jpg,175,176,False,0.44904106855392456,0.003364571835845709,0.44904106855392456
899,tree_Tonk_Tonk_41_22_low_density_near_southwest_0_20250713_101652_095195_skysat.jpg,175,23,False,0.30408069491386414,0.006365695036947727,0.30408069491386414
917,tree_Pali_Pali_46_134_low_density_far_northeast_0_20250713_115226_567774_skysat.jpg,175,23,False,0.47207751870155334,0.004136329982429743,0.47207751870155334
982,tree_Sikar_Sikar_0_333_low_density_near_north_0_20250528_064440_422556_skysat.jpg,175,176,False,0.2957446277141571,0.006342734210193157,0.2957446277141571
1114,tree_Sikar_Sikar_16_117_low_density_near_center_1_20250528_102421_902600_skysat.jpg,175,23,False,0.3242868185043335,0.00594558659940958,0.3242868185043335
1307,tree_Sikar_Sikar_62_12_low_density_far_northwest_0_20250528_170504_652639_skysat.jpg,175,23,False,0.3304354250431061,0.005333935841917992,0.3304354250431061
1354,tree_Sikar_Sikar_82_16_low_density_far_southeast_0_20250528_184735_857679_skysat.jpg,175,176,False,0.2853570580482483,0.005844105966389179,0.2853570580482483
1386,tree_Sikar_Sikar_108_48_low_density_far_center_0_20250528_202230_983610_skysat.jpg,175,23,False,0.3377957046031952,0.006018735934048891,0.3377957046031952
