sample_index,skysat_filename,true_label,predicted_label,correct,confidence,true_class_probability,predicted_class_probability
75,tree_Jaipur_Jaipur_9_195_low_density_near_northwest_0_20250526_070936_472162_skysat.jpg,7,23,False,0.4046393632888794,0.004111292771995068,0.4046393632888794
307,tree_Jaipur_Jaipur_137_1_low_density_far_north_0_20250526_134237_712634_skysat.jpg,7,176,False,0.35591498017311096,0.0014932345366105437,0.35591498017311096
308,tree_Jaipur_Jaipur_137_1_low_density_far_northeast_0_20250526_134238_207653_skysat.jpg,7,23,False,0.3174063265323639,0.003139863256365061,0.3174063265323639
1168,tree_Sikar_Sikar_27_131_low_density_far_north_0_20250528_123143_705978_skysat.jpg,7,176,False,0.29304400086402893,0.0013774940744042397,0.29304400086402893
1271,tree_Sikar_Sikar_49_68_low_density_near_southwest_0_20250528_153938_122439_skysat.jpg,7,23,False,0.33329957723617554,0.0038490111473947763,0.33329957723617554
