sample_index,skysat_filename,true_label,predicted_label,correct,confidence,true_class_probability,predicted_class_probability
13,tree_Jaipur_Jaipur_2_50_low_density_near_northwest_0_20250526_061255_573075_skysat.jpg,9,23,False,0.4241785705089569,0.008232963271439075,0.4241785705089569
29,tree_Pali_Pali_3_396_low_density_near_north_0_20250526_062825_517501_skysat.jpg,9,23,False,0.3937169909477234,0.00867774710059166,0.3937169909477234
118,tree_Jaipur_Jaipur_15_182_low_density_near_northeast_0_20250526_075626_938578_skysat.jpg,9,23,False,0.4213090240955353,0.014050203375518322,0.4213090240955353
176,tree_Jaipur_Jaipur_29_79_low_density_far_northwest_0_20250526_091802_431664_skysat.jpg,9,23,False,0.3858207166194916,0.009192446246743202,0.3858207166194916
186,tree_Jaipur_Jaipur_32_118_low_density_near_center_0_20250526_093206_443508_skysat.jpg,9,23,False,0.3802637755870819,0.010023321025073528,0.3802637755870819
188,tree_Pali_Pali_33_28_low_density_far_northeast_0_20250526_093500_674166_skysat.jpg,9,176,False,0.3258934020996094,0.004405756015330553,0.3258934020996094
222,tree_Jaipur_Jaipur_42_157_low_density_near_center_0_20250526_101725_871915_skysat.jpg,9,23,False,0.4239632487297058,0.014775664545595646,0.4239632487297058
355,tree_Deeg_Deeg_0_933_low_density_near_southwest_0_20250711_235723_076459_skysat.jpg,9,176,False,0.3142392635345459,0.0019898496102541685,0.3142392635345459
461,tree_Bundi_Bundi_4_283_low_density_far_north_0_20250712_052159_805521_skysat.jpg,9,23,False,0.36543768644332886,0.003939944319427013,0.36543768644332886
