{
  "intra_class_similarity_mean": 0.802734375,
  "intra_class_similarity_std": 0.0570068359375,
  "inter_class_similarity_mean": 0.72216796875,
  "inter_class_similarity_std": 0.06903076171875,
  "feature_separability": 0.08056640625
}