sample_index,filename,true_label,predicted_label,correct,confidence,true_class_probability,predicted_class_probability
73,tree_Jaipur_Jaipur_9_55_low_density_far_northwest_0_20250526_070701_872808.jpg,0,23,False,0.3784031569957733,0.005793586373329163,0.3784031569957733
124,tree_Jaipur_Jaipur_16_108_low_density_far_east_1_20250526_080301_699475.jpg,0,9,False,0.4035749137401581,0.016078807413578033,0.4035749137401581
178,tree_Jaipur_Jaipur_29_137_low_density_near_center_0_20250526_091902_550646.jpg,0,23,False,0.9006131291389465,0.01319033745676279,0.9006131291389465
583,tree_Deeg_Deeg_8_435_low_density_near_east_0_20250712_114450_195610.jpg,0,23,False,0.8726508021354675,0.00208536209538579,0.8726508021354675
1403,tree_Sikar_Sikar_126_6_low_density_near_center_0_20250528_210921_724380.jpg,0,180,False,0.5698370337486267,0.0011826392728835344,0.5698370337486267
