sample_index,filename,true_label,predicted_label,correct,confidence,true_class_probability,predicted_class_probability
75,tree_Jaipur_Jaipur_9_195_low_density_near_northwest_0_20250526_070936_472162.jpg,7,192,False,0.4489209055900574,0.06508468091487885,0.4489209055900574
307,tree_Jaipur_Jaipur_137_1_low_density_far_north_0_20250526_134237_712634.jpg,7,192,False,0.2308928221464157,0.026997175067663193,0.2308928221464157
308,tree_Jaipur_Jaipur_137_1_low_density_far_northeast_0_20250526_134238_207653.jpg,7,192,False,0.47431257367134094,0.020901208743453026,0.47431257367134094
1168,tree_Sikar_Sikar_27_131_low_density_far_north_0_20250528_123143_705978.jpg,7,192,False,0.8725133538246155,2.5524643660901347e-06,0.8725133538246155
1271,tree_Sikar_Sikar_49_68_low_density_near_southwest_0_20250528_153938_122439.jpg,7,193,False,0.32649293541908264,0.004413966555148363,0.32649293541908264
