sample_index,filename,true_label,predicted_label,correct,confidence,true_class_probability,predicted_class_probability
13,tree_Jaipur_Jaipur_2_50_low_density_near_northwest_0_20250526_061255_573075.jpg,9,23,False,0.5057861804962158,0.09393583983182907,0.5057861804962158
29,tree_Pali_Pali_3_396_low_density_near_north_0_20250526_062825_517501.jpg,9,144,False,0.4356534779071808,0.054462697356939316,0.4356534779071808
118,tree_Jaipur_Jaipur_15_182_low_density_near_northeast_0_20250526_075626_938578.jpg,9,23,False,0.5380505323410034,0.04550391435623169,0.5380505323410034
176,tree_Jaipur_Jaipur_29_79_low_density_far_northwest_0_20250526_091802_431664.jpg,9,23,False,0.545116662979126,0.13993629813194275,0.545116662979126
186,tree_Jaipur_Jaipur_32_118_low_density_near_center_0_20250526_093206_443508.jpg,9,23,False,0.5656855702400208,0.19500967860221863,0.5656855702400208
188,tree_Pali_Pali_33_28_low_density_far_northeast_0_20250526_093500_674166.jpg,9,23,False,0.5809698700904846,0.0007431564154103398,0.5809698700904846
222,tree_Jaipur_Jaipur_42_157_low_density_near_center_0_20250526_101725_871915.jpg,9,9,True,0.6087578535079956,0.6087578535079956,0.6087578535079956
355,tree_Deeg_Deeg_0_933_low_density_near_southwest_0_20250711_235723_076459.jpg,9,193,False,0.936923086643219,0.0009100862080231309,0.936923086643219
461,tree_Bundi_Bundi_4_283_low_density_far_north_0_20250712_052159_805521.jpg,9,23,False,0.9180111885070801,0.0008364527020603418,0.9180111885070801
