sample_index,filename,true_label,predicted_label,correct,confidence,true_class_probability,predicted_class_probability
161,tree_Jhunjhunu_Jhunjhunu_25_38_low_density_near_southwest_0_20250526_085705_957313.jpg,195,23,False,0.49486255645751953,0.042020171880722046,0.49486255645751953
533,tree_Kota_Kota_6_795_low_density_near_south_0_20250712_092413_522268.jpg,195,23,False,0.42935365438461304,0.13806459307670593,0.42935365438461304
648,tree_Pali_Pali_11_227_low_density_far_northwest_0_20250712_152448_445072.jpg,195,195,True,0.9785727858543396,0.9785727858543396,0.9785727858543396
665,tree_Jalore_Jalore_12_115_low_density_near_northeast_0_20250712_163026_053373.jpg,195,23,False,0.930640697479248,0.00026227239868603647,0.930640697479248
707,tree_Kota_Kota_15_208_low_density_far_center_0_20250712_194842_467955.jpg,195,195,True,0.9904110431671143,0.9904110431671143,0.9904110431671143
748,tree_Bhilwara_Bhilwara_19_119_low_density_near_center_0_20250712_231437_826019.jpg,195,23,False,0.7027140855789185,0.05790949985384941,0.7027140855789185
805,tree_Bhilwara_Bhilwara_25_218_low_density_near_northeast_0_20250713_033110_015729.jpg,195,195,True,0.9599848985671997,0.9599848985671997,0.9599848985671997
824,tree_Pali_Pali_27_147_low_density_near_south_0_20250713_043157_974083.jpg,195,176,False,0.259206086397171,0.09367676824331284,0.259206086397171
1115,tree_Sikar_Sikar_16_149_low_density_near_south_1_20250528_102611_197042.jpg,195,93,False,0.6372418403625488,0.0037177996709942818,0.6372418403625488
