sample_index,filename,true_label,predicted_label,correct,confidence,true_class_probability,predicted_class_probability
74,tree_Jaipur_Jaipur_9_83_low_density_near_south_0_20250526_070725_649445.jpg,129,23,False,0.8826466202735901,5.2898190915584564e-05,0.8826466202735901
76,tree_Jaipur_Jaipur_9_317_low_density_near_west_0_20250526_071222_957918.jpg,129,9,False,0.32484138011932373,0.13222701847553253,0.32484138011932373
150,tree_Jaipur_Jaipur_22_130_low_density_near_east_0_20250526_084158_238956.jpg,129,129,True,0.4572632610797882,0.4572632610797882,0.4572632610797882
283,tree_Jaipur_Jaipur_94_46_low_density_near_southwest_0_20250526_122807_484684.jpg,129,192,False,0.9849335551261902,8.926357963900955e-07,0.9849335551261902
284,tree_Jaipur_Jaipur_94_46_low_density_near_northwest_0_20250526_122807_609133.jpg,129,192,False,0.7515506744384766,0.00023812767176423222,0.7515506744384766
733,tree_Jaipur_Jaipur_17_505_low_density_near_south_0_20250712_220939_063824.jpg,129,176,False,0.24918387830257416,0.053109608590602875,0.24918387830257416
1057,tree_Sikar_Sikar_9_169_low_density_near_north_0_20250528_085610_902674.jpg,129,192,False,0.7984990477561951,0.005150995682924986,0.7984990477561951
1266,tree_Sikar_Sikar_49_5_low_density_near_northeast_0_20250528_153423_271289.jpg,129,9,False,0.49245405197143555,0.033174604177474976,0.49245405197143555
1308,tree_Sikar_Sikar_62_28_low_density_near_center_0_20250528_170610_190983.jpg,129,176,False,0.6046950817108154,0.03768773376941681,0.6046950817108154
