sample_index,filename,true_label,predicted_label,correct,confidence,true_class_probability,predicted_class_probability
411,tree_Chittorgarh_Chittorgarh_2_724_low_density_far_northeast_0_20250712_025948_330265.jpg,137,137,True,0.972854495048523,0.972854495048523,0.972854495048523
441,tree_Pratapgarh_Pratapgarh_3_557_low_density_near_north_0_20250712_041708_277269.jpg,137,176,False,0.9700049757957458,0.012358195148408413,0.9700049757957458
509,tree_Udaipur_Udaipur_6_28_low_density_far_north_0_20250712_081402_024286.jpg,137,137,True,0.9999010562896729,0.9999010562896729,0.9999010562896729
564,tree_Kota_Kota_7_816_low_density_near_northwest_0_20250712_105346_109442.jpg,137,137,True,0.6849901676177979,0.6849901676177979,0.6849901676177979
644,tree_Pali_Pali_11_68_low_density_far_east_0_20250712_151057_899657.jpg,137,137,True,0.9990719556808472,0.9990719556808472,0.9990719556808472
724,tree_Tonk_Tonk_16_465_low_density_near_west_0_20250712_210911_725280.jpg,137,137,True,0.9993614554405212,0.9993614554405212,0.9993614554405212
823,tree_Bundi_Bundi_27_141_low_density_near_west_0_20250713_043121_627716.jpg,137,137,True,0.9990233182907104,0.9990233182907104,0.9990233182907104
860,tree_Pali_Pali_32_301_low_density_far_southwest_0_20250713_072418_378824.jpg,137,137,True,0.5519781112670898,0.5519781112670898,0.5519781112670898
972,tree_Udaipur_Udaipur_73_13_low_density_far_west_0_20250713_163119_914833.jpg,137,137,True,0.9999251365661621,0.9999251365661621,0.9999251365661621
