sample_index,filename,true_label,predicted_label,correct,confidence,true_class_probability,predicted_class_probability
226,tree_Pali_Pali_44_131_low_density_near_east_0_20250526_102401_038507.jpg,175,176,False,0.5497993230819702,0.005665111821144819,0.5497993230819702
500,tree_Bharatpur_Bharatpur_5_721_low_density_near_north_0_20250712_073959_967332.jpg,175,129,False,0.27415186166763306,0.05223791301250458,0.27415186166763306
899,tree_Tonk_Tonk_41_22_low_density_near_southwest_0_20250713_101652_095195.jpg,175,23,False,0.47798946499824524,0.004679303150624037,0.47798946499824524
917,tree_Pali_Pali_46_134_low_density_far_northeast_0_20250713_115226_567774.jpg,175,146,False,0.37859463691711426,0.024735404178500175,0.37859463691711426
982,tree_Sikar_Sikar_0_333_low_density_near_north_0_20250528_064440_422556.jpg,175,176,False,0.963455080986023,0.004878722131252289,0.963455080986023
1114,tree_Sikar_Sikar_16_117_low_density_near_center_1_20250528_102421_902600.jpg,175,176,False,0.6753420233726501,0.003619082970544696,0.6753420233726501
1307,tree_Sikar_Sikar_62_12_low_density_far_northwest_0_20250528_170504_652639.jpg,175,176,False,0.9989359974861145,0.00011831902520498261,0.9989359974861145
1354,tree_Sikar_Sikar_82_16_low_density_far_southeast_0_20250528_184735_857679.jpg,175,176,False,0.7240872979164124,0.01793999783694744,0.7240872979164124
1386,tree_Sikar_Sikar_108_48_low_density_far_center_0_20250528_202230_983610.jpg,175,72,False,0.2533629834651947,0.003471844131127,0.2533629834651947
