{
  "intra_class_similarity_mean": 0.77197265625,
  "intra_class_similarity_std": 0.063232421875,
  "inter_class_similarity_mean": 0.68798828125,
  "inter_class_similarity_std": 0.075439453125,
  "feature_separability": 0.083984375
}