sample_index,skysat_filename,true_label,predicted_label,correct,confidence,true_class_probability,predicted_class_probability
496,tree_Jhunjhunu_Jhunjhunu_15_97_low_density_near_east_0_20250526_075417_986760_skysat.jpg,195,23,False,0.25902801752090454,0.0017157548572868109,0.25902801752090454
511,tree_Pali_Pali_19_110_low_density_near_southwest_0_20250526_082214_096466_skysat.jpg,195,23,False,0.2687004804611206,0.0020229914225637913,0.2687004804611206
543,tree_Jhunjhunu_Jhunjhunu_25_38_low_density_near_southwest_0_20250526_085705_957313_skysat.jpg,195,23,False,0.25908342003822327,0.0017435058252885938,0.25908342003822327
