sample_index,skysat_filename,true_label,predicted_label,correct,confidence,true_class_probability,predicted_class_probability
413,tree_Jaipur_Jaipur_5_119_low_density_near_center_0_20250526_063947_526389_skysat.jpg,137,23,False,0.2769385278224945,0.0037576903123408556,0.2769385278224945
443,tree_Sikar_Sikar_8_2_low_density_near_west_0_20250526_070106_700025_skysat.jpg,137,23,False,0.2918716073036194,0.0028506990056484938,0.2918716073036194
645,tree_Jhunjhunu_Jhunjhunu_124_2_low_density_near_east_0_20250526_132235_106764_skysat.jpg,137,23,False,0.2567494809627533,0.001425777212716639,0.2567494809627533
848,tree_Tonk_Tonk_56_74_low_density_near_south_0_20250713_140521_268749_skysat.jpg,137,23,False,0.28688159584999084,0.005075552966445684,0.28688159584999084
