sample_index,skysat_filename,true_label,predicted_label,correct,confidence,true_class_probability,predicted_class_probability
254,tree_Sikar_Sikar_73_79_low_density_near_north_0_20250528_180717_852305_skysat.jpg,9,23,False,0.26904213428497314,0.007413080893456936,0.26904213428497314
325,tree_Sikar_Sikar_135_4_low_density_far_southwest_0_20250528_212950_458595_skysat.jpg,9,23,False,0.2947885990142822,0.006969681475311518,0.2947885990142822
409,tree_Jaipur_Jaipur_4_412_low_density_near_south_0_20250526_063711_259279_skysat.jpg,9,23,False,0.424691766500473,0.0314011350274086,0.424691766500473
424,tree_Jaipur_Jaipur_5_424_low_density_far_east_0_20250526_064555_047809_skysat.jpg,9,23,False,0.3636476695537567,0.018644923344254494,0.3636476695537567
518,tree_Jaipur_Jaipur_20_236_low_density_near_east_0_20250526_083122_430354_skysat.jpg,9,23,False,0.42299947142601013,0.02556023560464382,0.42299947142601013
520,tree_Jaipur_Jaipur_20_282_low_density_near_west_0_20250526_083218_458548_skysat.jpg,9,23,False,0.2992389500141144,0.012772745452821255,0.2992389500141144
623,tree_Jaipur_Jaipur_72_19_low_density_far_north_0_20250526_114336_636690_skysat.jpg,9,23,False,0.3755963444709778,0.018691085278987885,0.3755963444709778
667,tree_Pali_Pali_0_463_low_density_near_north_0_20250711_231428_288166_skysat.jpg,9,23,False,0.3627370297908783,0.01758384332060814,0.3627370297908783
