sample_index,skysat_filename,true_label,predicted_label,correct,confidence,true_class_probability,predicted_class_probability
188,tree_Sikar_Sikar_49_68_low_density_near_southwest_0_20250528_153938_122439_skysat.jpg,7,23,False,0.27547693252563477,0.003938751295208931,0.27547693252563477
445,tree_Jaipur_Jaipur_8_273_low_density_near_east_0_20250526_070516_708128_skysat.jpg,7,23,False,0.30514299869537354,0.004502325318753719,0.30514299869537354
476,tree_Jaipur_Jaipur_12_212_low_density_far_south_0_20250526_073150_181348_skysat.jpg,7,23,False,0.264719694852829,0.003441599430516362,0.264719694852829
528,tree_Jaipur_Jaipur_22_102_low_density_near_northwest_0_20250526_084116_729271_skysat.jpg,7,23,False,0.34930020570755005,0.008776545524597168,0.34930020570755005
534,tree_Jaipur_Jaipur_23_77_low_density_near_east_0_20250526_084622_362331_skysat.jpg,7,23,False,0.43445053696632385,0.014093343168497086,0.43445053696632385
