sample_index,skysat_filename,true_label,predicted_label,correct,confidence,true_class_probability,predicted_class_probability
76,tree_Sikar_Sikar_9_169_low_density_near_southwest_0_20250528_085613_312243_skysat.jpg,180,23,False,0.2812727391719818,0.008713343180716038,0.2812727391719818
233,tree_Sikar_Sikar_64_7_low_density_far_northeast_0_20250528_171442_522497_skysat.jpg,180,176,False,0.2653774619102478,0.009240527637302876,0.2653774619102478
238,tree_Sikar_Sikar_66_22_low_density_far_west_0_20250528_172656_427637_skysat.jpg,180,23,False,0.28486019372940063,0.01066575851291418,0.28486019372940063
259,tree_Sikar_Sikar_77_35_low_density_near_northwest_0_20250528_182541_830070_skysat.jpg,180,23,False,0.2463988959789276,0.008488480001688004,0.2463988959789276
408,tree_Jaipur_Jaipur_4_412_low_density_near_center_0_20250526_063710_542248_skysat.jpg,180,23,False,0.3739400804042816,0.010008705779910088,0.3739400804042816
622,tree_Jaipur_Jaipur_71_63_low_density_near_south_0_20250526_114245_222363_skysat.jpg,180,23,False,0.27865076065063477,0.009806648828089237,0.27865076065063477
640,tree_Jhunjhunu_Jhunjhunu_110_20_low_density_far_northwest_0_20250526_130048_872363_skysat.jpg,180,23,False,0.2630578875541687,0.008167660795152187,0.2630578875541687
649,tree_Sikar_Sikar_143_2_low_density_near_east_0_20250526_135123_515562_skysat.jpg,180,23,False,0.26003074645996094,0.007754115387797356,0.26003074645996094
