sample_index,skysat_filename,true_label,predicted_label,correct,confidence,true_class_probability,predicted_class_probability
280,tree_Sikar_Sikar_95_27_low_density_near_northwest_0_20250528_194215_280099_skysat.jpg,0,23,False,0.2564978003501892,0.0030129181686788797,0.2564978003501892
500,tree_Jaipur_Jaipur_16_108_low_density_far_east_1_20250526_080301_699475_skysat.jpg,0,23,False,0.2989327907562256,0.003230583854019642,0.2989327907562256
521,tree_Jhunjhunu_Jhunjhunu_21_57_low_density_near_southeast_0_20250526_083424_088275_skysat.jpg,0,23,False,0.25922566652297974,0.0026193824596703053,0.25922566652297974
