sample_index,skysat_filename,true_label,predicted_label,correct,confidence,true_class_probability,predicted_class_probability
113,tree_Sikar_Sikar_31_85_low_density_near_northwest_0_20250528_130909_735541_skysat.jpg,129,176,False,0.2578712999820709,0.0062134237959980965,0.2578712999820709
227,tree_Sikar_Sikar_60_38_low_density_near_south_0_20250528_165322_445114_skysat.jpg,129,176,False,0.2856409549713135,0.007650201674550772,0.2856409549713135
228,tree_Sikar_Sikar_60_38_low_density_near_southwest_0_20250528_165323_753251_skysat.jpg,129,176,False,0.295306533575058,0.007425449788570404,0.295306533575058
231,tree_Sikar_Sikar_62_28_low_density_near_center_0_20250528_170610_190983_skysat.jpg,129,23,False,0.26140621304512024,0.006209761835634708,0.26140621304512024
385,tree_Jaipur_Jaipur_3_141_low_density_near_west_0_20250526_062421_008442_skysat.jpg,129,23,False,0.35199201107025146,0.019481584429740906,0.35199201107025146
485,tree_Jaipur_Jaipur_13_68_low_density_near_center_0_20250526_073710_281527_skysat.jpg,129,23,False,0.3986567556858063,0.019139904528856277,0.3986567556858063
635,tree_Jaipur_Jaipur_91_52_low_density_far_northwest_0_20250526_122232_542872_skysat.jpg,129,23,False,0.35704413056373596,0.016658026725053787,0.35704413056373596
655,tree_Jaipur_Jaipur_171_13_low_density_near_east_0_20250526_143325_714618_skysat.jpg,129,23,False,0.3823148310184479,0.014499126002192497,0.3823148310184479
