sample_index,skysat_filename,true_label,predicted_label,correct,confidence,true_class_probability,predicted_class_probability
6,tree_Sikar_Sikar_0_333_low_density_near_north_0_20250528_064440_422556_skysat.jpg,175,23,False,0.2799583077430725,0.007276466116309166,0.2799583077430725
107,tree_Barmer_Barmer_18_50_low_density_far_west_0_20250528_104551_895157_skysat.jpg,175,23,False,0.45831072330474854,0.0019687197636812925,0.45831072330474854
431,tree_Ajmer_Ajmer_6_211_low_density_far_northeast_0_20250526_065043_719539_skysat.jpg,175,23,False,0.2643803656101227,0.007016983348876238,0.2643803656101227
472,tree_Ajmer_Ajmer_12_50_low_density_far_north_0_20250526_072753_212441_skysat.jpg,175,23,False,0.37615159153938293,0.004333357326686382,0.37615159153938293
796,tree_Kotputli-Behror_Kotputli-Behror_20_215_low_density_near_north_0_20250713_000739_150815_skysat.jpg,175,176,False,0.2800212800502777,0.006798264570534229,0.2800212800502777
