sample_index,filename,true_label,predicted_label,correct,confidence,true_class_probability,predicted_class_probability
188,tree_Sikar_Sikar_49_68_low_density_near_southwest_0_20250528_153938_122439.jpg,7,144,False,0.45891883969306946,0.08228112757205963,0.45891883969306946
445,tree_Jaipur_Jaipur_8_273_low_density_near_east_0_20250526_070516_708128.jpg,7,23,False,0.9134007692337036,0.01728823222219944,0.9134007692337036
476,tree_Jaipur_Jaipur_12_212_low_density_far_south_0_20250526_073150_181348.jpg,7,23,False,0.7021834254264832,0.0046618604101240635,0.7021834254264832
528,tree_Jaipur_Jaipur_22_102_low_density_near_northwest_0_20250526_084116_729271.jpg,7,9,False,0.5418240427970886,0.10327936708927155,0.5418240427970886
534,tree_Jaipur_Jaipur_23_77_low_density_near_east_0_20250526_084622_362331.jpg,7,7,True,0.3500976264476776,0.3500976264476776,0.3500976264476776
