sample_index,filename,true_label,predicted_label,correct,confidence,true_class_probability,predicted_class_probability
254,tree_Sikar_Sikar_73_79_low_density_near_north_0_20250528_180717_852305.jpg,9,23,False,0.38526201248168945,0.03283130005002022,0.38526201248168945
325,tree_Sikar_Sikar_135_4_low_density_far_southwest_0_20250528_212950_458595.jpg,9,23,False,0.4103996455669403,3.1820632102608215e-06,0.4103996455669403
409,tree_Jaipur_Jaipur_4_412_low_density_near_south_0_20250526_063711_259279.jpg,9,23,False,0.46658962965011597,0.07695930451154709,0.46658962965011597
424,tree_Jaipur_Jaipur_5_424_low_density_far_east_0_20250526_064555_047809.jpg,9,23,False,0.8906398415565491,0.077383853495121,0.8906398415565491
518,tree_Jaipur_Jaipur_20_236_low_density_near_east_0_20250526_083122_430354.jpg,9,23,False,0.5622300505638123,0.3271030783653259,0.5622300505638123
520,tree_Jaipur_Jaipur_20_282_low_density_near_west_0_20250526_083218_458548.jpg,9,146,False,0.486007958650589,0.0024007130414247513,0.486007958650589
623,tree_Jaipur_Jaipur_72_19_low_density_far_north_0_20250526_114336_636690.jpg,9,23,False,0.9516849517822266,0.03199094533920288,0.9516849517822266
667,tree_Pali_Pali_0_463_low_density_near_north_0_20250711_231428_288166.jpg,9,195,False,0.34633031487464905,0.002349688671529293,0.34633031487464905
