sample_index,filename,true_label,predicted_label,correct,confidence,true_class_probability,predicted_class_probability
496,tree_Jhunjhunu_Jhunjhunu_15_97_low_density_near_east_0_20250526_075417_986760.jpg,195,23,False,0.7294328212738037,0.08237046748399734,0.7294328212738037
511,tree_Pali_Pali_19_110_low_density_near_southwest_0_20250526_082214_096466.jpg,195,23,False,0.7876300811767578,0.012961351312696934,0.7876300811767578
543,tree_Jhunjhunu_Jhunjhunu_25_38_low_density_near_southwest_0_20250526_085705_957313.jpg,195,146,False,0.41424864530563354,0.018310729414224625,0.41424864530563354
