sample_index,filename,true_label,predicted_label,correct,confidence,true_class_probability,predicted_class_probability
413,tree_Jaipur_Jaipur_5_119_low_density_near_center_0_20250526_063947_526389.jpg,137,176,False,0.5531157851219177,0.3080940842628479,0.5531157851219177
443,tree_Sikar_Sikar_8_2_low_density_near_west_0_20250526_070106_700025.jpg,137,192,False,0.8329280018806458,0.0008279595640487969,0.8329280018806458
645,tree_Jhunjhunu_Jhunjhunu_124_2_low_density_near_east_0_20250526_132235_106764.jpg,137,192,False,0.7381336092948914,0.00010057962208520621,0.7381336092948914
848,tree_Tonk_Tonk_56_74_low_density_near_south_0_20250713_140521_268749.jpg,137,176,False,0.44965600967407227,0.0035384325310587883,0.44965600967407227
