sample_index,filename,true_label,predicted_label,correct,confidence,true_class_probability,predicted_class_probability
6,tree_Sikar_Sikar_0_333_low_density_near_north_0_20250528_064440_422556.jpg,175,176,False,0.8666759729385376,0.0032207686454057693,0.8666759729385376
107,tree_Barmer_Barmer_18_50_low_density_far_west_0_20250528_104551_895157.jpg,175,194,False,0.7527625560760498,0.040121130645275116,0.7527625560760498
431,tree_Ajmer_Ajmer_6_211_low_density_far_northeast_0_20250526_065043_719539.jpg,175,23,False,0.5575320720672607,0.0008402480743825436,0.5575320720672607
472,tree_Ajmer_Ajmer_12_50_low_density_far_north_0_20250526_072753_212441.jpg,175,194,False,0.7674446105957031,0.006076529622077942,0.7674446105957031
796,tree_Kotputli-Behror_Kotputli-Behror_20_215_low_density_near_north_0_20250713_000739_150815.jpg,175,176,False,0.7879155874252319,0.00408053956925869,0.7879155874252319
