sample_index,filename,true_label,predicted_label,correct,confidence,true_class_probability,predicted_class_probability
76,tree_Sikar_Sikar_9_169_low_density_near_southwest_0_20250528_085613_312243.jpg,180,176,False,0.5034928917884827,0.002425166079774499,0.5034928917884827
233,tree_Sikar_Sikar_64_7_low_density_far_northeast_0_20250528_171442_522497.jpg,180,176,False,0.6551129221916199,0.009158987551927567,0.6551129221916199
238,tree_Sikar_Sikar_66_22_low_density_far_west_0_20250528_172656_427637.jpg,180,192,False,0.973591685295105,0.00030025505111552775,0.973591685295105
259,tree_Sikar_Sikar_77_35_low_density_near_northwest_0_20250528_182541_830070.jpg,180,146,False,0.986689567565918,0.0011121747083961964,0.986689567565918
408,tree_Jaipur_Jaipur_4_412_low_density_near_center_0_20250526_063710_542248.jpg,180,146,False,0.3519817590713501,0.011945555917918682,0.3519817590713501
622,tree_Jaipur_Jaipur_71_63_low_density_near_south_0_20250526_114245_222363.jpg,180,176,False,0.9105255603790283,0.00037323779542930424,0.9105255603790283
640,tree_Jhunjhunu_Jhunjhunu_110_20_low_density_far_northwest_0_20250526_130048_872363.jpg,180,23,False,0.6025073528289795,0.0001830509427236393,0.6025073528289795
649,tree_Sikar_Sikar_143_2_low_density_near_east_0_20250526_135123_515562.jpg,180,176,False,0.3614564836025238,0.08352947235107422,0.3614564836025238
