{
  "intra_class_similarity_mean": 0.78955078125,
  "intra_class_similarity_std": 0.057373046875,
  "inter_class_similarity_mean": 0.734375,
  "inter_class_similarity_std": 0.06207275390625,
  "feature_separability": 0.05517578125
}