{
  "intra_class_similarity_mean": 0.76708984375,
  "intra_class_similarity_std": 0.059661865234375,
  "inter_class_similarity_mean": 0.69384765625,
  "inter_class_similarity_std": 0.07684326171875,
  "feature_separability": 0.0732421875
}