Zone,Accuracy,AUC,AP,Count,Positive Samples
Total,0.9079401611047181,0.8377714113389626,0.2021240677830735,869.0,40.0
Transitional plain zone of Inland drainage,0.9441233140655106,0.8613727454909819,0.2486884871531117,519.0,20.0
Semi arid eastern plain,0.9459459459459459,0.8211805555555556,0.13680330086580086,148.0,4.0
Transitional plain zone of Luni Basin,0.6881720430107527,0.7156626506024096,0.24037615548644958,93.0,10.0
Flood prone eastern plain,0.9210526315789473,0.9189189189189189,0.25,38.0,1.0
Southern humid plain,1.0,0.0,0.0,34.0,0.0
Arid Western Plain and Hyper Arid Partial irrigated,0.6521739130434783,0.6973684210526315,0.28674242424242424,23.0,4.0
South eastern humid plain,0.7777777777777778,0.0,0.1111111111111111,9.0,1.0
Sub humid southern plain and alluvial hill,0.8,0.0,0.0,5.0,0.0
