Zone,Accuracy,AUC,AP,Count,Positive Samples
Total,0.8745684695051784,0.8357810615199035,0.18982382888222277,869.0,40.0
Transitional plain zone of Inland drainage,0.9383429672447013,0.8446392785571142,0.21373647875310808,519.0,20.0
Semi arid eastern plain,0.9054054054054054,0.7743055555555556,0.21105548602419694,148.0,4.0
Transitional plain zone of Luni Basin,0.5591397849462365,0.802409638554217,0.29411350345560866,93.0,10.0
Flood prone eastern plain,0.9210526315789473,0.7027027027027026,0.08333333333333333,38.0,1.0
Southern humid plain,0.9705882352941176,0.0,0.0,34.0,0.0
Arid Western Plain and Hyper Arid Partial irrigated,0.5217391304347826,0.6578947368421052,0.26726190476190476,23.0,4.0
South eastern humid plain,0.4444444444444444,0.5,0.2,9.0,1.0
Sub humid southern plain and alluvial hill,0.6,0.0,0.0,5.0,0.0
