{
  "intra_class_similarity_mean": 0.78759765625,
  "intra_class_similarity_std": 0.0625,
  "inter_class_similarity_mean": 0.7158203125,
  "inter_class_similarity_std": 0.0792236328125,
  "feature_separability": 0.07177734375
}